word,prompt
basalisk,"clean vector clipart of basalisk, centered, isolated, plain white background, minimal style, bold outline, no text, square composition"
blame,"clean vector clipart of blame, centered, isolated, plain white background, minimal style, bold outline, no text, square composition"
blank,"clean vector clipart of blank, centered, isolated, plain white background, minimal style, bold outline, no text, square composition"
blur,"clean vector clipart of blur, centered, isolated, plain white background, minimal style, bold outline, no text, square composition"
bombproof,"clean vector clipart of bombproof, centered, isolated, plain white background, minimal style, bold outline, no text, square composition"
booster,"clean vector clipart of booster, centered, isolated, plain white background, minimal style, bold outline, no text, square composition"
bracelet,"clean vector clipart of bracelet, centered, isolated, plain white background, minimal style, bold outline, no text, square composition"
brisk,"clean vector clipart of brisk, centered, isolated, plain white background, minimal style, bold outline, no text, square composition"
broccoli,"clean vector clipart of broccoli, centered, isolated, plain white background, minimal style, bold outline, no text, square composition"
bronze,"clean vector clipart of bronze, centered, isolated, plain white background, minimal style, bold outline, no text, square composition"
brown,"clean vector clipart of brown, centered, isolated, plain white background, minimal style, bold outline, no text, square composition"
bugler,"clean vector clipart of bugler, centered, isolated, plain white background, minimal style, bold outline, no text, square composition"
bust,"clean vector clipart of bust, centered, isolated, plain white background, minimal style, bold outline, no text, square composition"
butterfly,"clean vector clipart of butterfly, centered, isolated, plain white background, minimal style, bold outline, no text, square composition"
camoflauge,"clean vector clipart of camoflauge, centered, isolated, plain white background, minimal style, bold outline, no text, square composition"
capriole,"clean vector clipart of capriole, centered, isolated, plain white background, minimal style, bold outline, no text, square composition"
capris,"clean vector clipart of capris, centered, isolated, plain white background, minimal style, bold outline, no text, square composition"
capsule,"clean vector clipart of capsule, centered, isolated, plain white background, minimal style, bold outline, no text, square composition"
carefree,"clean vector clipart of carefree, centered, isolated, plain white background, minimal style, bold outline, no text, square composition"
cask,"clean vector clipart of cask, centered, isolated, plain white background, minimal style, bold outline, no text, square composition"
cast,"clean vector clipart of cast, centered, isolated, plain white background, minimal style, bold outline, no text, square composition"
cauliflower,"clean vector clipart of cauliflower, centered, isolated, plain white background, minimal style, bold outline, no text, square composition"
chakra,"clean vector clipart of chakra, centered, isolated, plain white background, minimal style, bold outline, no text, square composition"
chaplain,"clean vector clipart of chaplain, centered, isolated, plain white background, minimal style, bold outline, no text, square composition"
Christmas,"clean vector clipart of Christmas, centered, isolated, plain white background, minimal style, bold outline, no text, square composition"
circlet,"clean vector clipart of circlet, centered, isolated, plain white background, minimal style, bold outline, no text, square composition"
clarinet,"clean vector clipart of clarinet, centered, isolated, plain white background, minimal style, bold outline, no text, square composition"
clasp,"clean vector clipart of clasp, centered, isolated, plain white background, minimal style, bold outline, no text, square composition"
clean,"clean vector clipart of clean, centered, isolated, plain white background, minimal style, bold outline, no text, square composition"
cleat,"clean vector clipart of cleat, centered, isolated, plain white background, minimal style, bold outline, no text, square composition"
clip,"clean vector clipart of clip, centered, isolated, plain white background, minimal style, bold outline, no text, square composition"
cloak,"clean vector clipart of cloak, centered, isolated, plain white background, minimal style, bold outline, no text, square composition"
cobbler,"clean vector clipart of cobbler, centered, isolated, plain white background, minimal style, bold outline, no text, square composition"
coleslaw,"clean vector clipart of coleslaw, centered, isolated, plain white background, minimal style, bold outline, no text, square composition"
complete,"clean vector clipart of complete, centered, isolated, plain white background, minimal style, bold outline, no text, square composition"
compress,"clean vector clipart of compress, centered, isolated, plain white background, minimal style, bold outline, no text, square composition"
cornflakes,"clean vector clipart of cornflakes, centered, isolated, plain white background, minimal style, bold outline, no text, square composition"
cosmic,"clean vector clipart of cosmic, centered, isolated, plain white background, minimal style, bold outline, no text, square composition"
costume,"clean vector clipart of costume, centered, isolated, plain white background, minimal style, bold outline, no text, square composition"
counsel,"clean vector clipart of counsel, centered, isolated, plain white background, minimal style, bold outline, no text, square composition"
crack,"clean vector clipart of crack, centered, isolated, plain white background, minimal style, bold outline, no text, square composition"
cradle,"clean vector clipart of cradle, centered, isolated, plain white background, minimal style, bold outline, no text, square composition"
creepy,"clean vector clipart of creepy, centered, isolated, plain white background, minimal style, bold outline, no text, square composition"
crepe,"clean vector clipart of crepe, centered, isolated, plain white background, minimal style, bold outline, no text, square composition"
crisp,"clean vector clipart of crisp, centered, isolated, plain white background, minimal style, bold outline, no text, square composition"
crispy,"clean vector clipart of crispy, centered, isolated, plain white background, minimal style, bold outline, no text, square composition"
criticism,"clean vector clipart of criticism, centered, isolated, plain white background, minimal style, bold outline, no text, square composition"
crown,"clean vector clipart of crown, centered, isolated, plain white background, minimal style, bold outline, no text, square composition"
crust,"clean vector clipart of crust, centered, isolated, plain white background, minimal style, bold outline, no text, square composition"
crystal,"clean vector clipart of crystal, centered, isolated, plain white background, minimal style, bold outline, no text, square composition"
cyclone,"clean vector clipart of cyclone, centered, isolated, plain white background, minimal style, bold outline, no text, square composition"
cyclops,"clean vector clipart of cyclops, centered, isolated, plain white background, minimal style, bold outline, no text, square composition"
debris,"clean vector clipart of debris, centered, isolated, plain white background, minimal style, bold outline, no text, square composition"
declare,"clean vector clipart of declare, centered, isolated, plain white background, minimal style, bold outline, no text, square composition"
deflate,"clean vector clipart of deflate, centered, isolated, plain white background, minimal style, bold outline, no text, square composition"
degree,"clean vector clipart of degree, centered, isolated, plain white background, minimal style, bold outline, no text, square composition"
degrees,"clean vector clipart of degrees, centered, isolated, plain white background, minimal style, bold outline, no text, square composition"
deplete,"clean vector clipart of deplete, centered, isolated, plain white background, minimal style, bold outline, no text, square composition"
dewclaw,"clean vector clipart of dewclaw, centered, isolated, plain white background, minimal style, bold outline, no text, square composition"
diffraction,"clean vector clipart of diffraction, centered, isolated, plain white background, minimal style, bold outline, no text, square composition"
disc,"clean vector clipart of disc, centered, isolated, plain white background, minimal style, bold outline, no text, square composition"
disco,"clean vector clipart of disco, centered, isolated, plain white background, minimal style, bold outline, no text, square composition"
discover,"clean vector clipart of discover, centered, isolated, plain white background, minimal style, bold outline, no text, square composition"
dislocate,"clean vector clipart of dislocate, centered, isolated, plain white background, minimal style, bold outline, no text, square composition"
display,"clean vector clipart of display, centered, isolated, plain white background, minimal style, bold outline, no text, square composition"
dog sled,"clean vector clipart of dog sled, centered, isolated, plain white background, minimal style, bold outline, no text, square composition"
dragonfly,"clean vector clipart of dragonfly, centered, isolated, plain white background, minimal style, bold outline, no text, square composition"
drain,"clean vector clipart of drain, centered, isolated, plain white background, minimal style, bold outline, no text, square composition"
drama,"clean vector clipart of drama, centered, isolated, plain white background, minimal style, bold outline, no text, square composition"
drape,"clean vector clipart of drape, centered, isolated, plain white background, minimal style, bold outline, no text, square composition"
draw,"clean vector clipart of draw, centered, isolated, plain white background, minimal style, bold outline, no text, square composition"
drift,"clean vector clipart of drift, centered, isolated, plain white background, minimal style, bold outline, no text, square composition"
drink,"clean vector clipart of drink, centered, isolated, plain white background, minimal style, bold outline, no text, square composition"
driveway,"clean vector clipart of driveway, centered, isolated, plain white background, minimal style, bold outline, no text, square composition"
droop,"clean vector clipart of droop, centered, isolated, plain white background, minimal style, bold outline, no text, square composition"
droplet,"clean vector clipart of droplet, centered, isolated, plain white background, minimal style, bold outline, no text, square composition"
drought,"clean vector clipart of drought, centered, isolated, plain white background, minimal style, bold outline, no text, square composition"
drumstick,"clean vector clipart of drumstick, centered, isolated, plain white background, minimal style, bold outline, no text, square composition"
dry,"clean vector clipart of dry, centered, isolated, plain white background, minimal style, bold outline, no text, square composition"
duckling,"clean vector clipart of duckling, centered, isolated, plain white background, minimal style, bold outline, no text, square composition"
dumpling,"clean vector clipart of dumpling, centered, isolated, plain white background, minimal style, bold outline, no text, square composition"
dusk,"clean vector clipart of dusk, centered, isolated, plain white background, minimal style, bold outline, no text, square composition"
eardrum,"clean vector clipart of eardrum, centered, isolated, plain white background, minimal style, bold outline, no text, square composition"
Easter,"clean vector clipart of Easter, centered, isolated, plain white background, minimal style, bold outline, no text, square composition"
eclair,"clean vector clipart of eclair, centered, isolated, plain white background, minimal style, bold outline, no text, square composition"
eclipse,"clean vector clipart of eclipse, centered, isolated, plain white background, minimal style, bold outline, no text, square composition"
eggplant,"clean vector clipart of eggplant, centered, isolated, plain white background, minimal style, bold outline, no text, square composition"
enclose,"clean vector clipart of enclose, centered, isolated, plain white background, minimal style, bold outline, no text, square composition"
escape,"clean vector clipart of escape, centered, isolated, plain white background, minimal style, bold outline, no text, square composition"
explain,"clean vector clipart of explain, centered, isolated, plain white background, minimal style, bold outline, no text, square composition"
express,"clean vector clipart of express, centered, isolated, plain white background, minimal style, bold outline, no text, square composition"
February,"clean vector clipart of February, centered, isolated, plain white background, minimal style, bold outline, no text, square composition"
fingerprint,"clean vector clipart of fingerprint, centered, isolated, plain white background, minimal style, bold outline, no text, square composition"
firefly,"clean vector clipart of firefly, centered, isolated, plain white background, minimal style, bold outline, no text, square composition"
fireplace,"clean vector clipart of fireplace, centered, isolated, plain white background, minimal style, bold outline, no text, square composition"
flask,"clean vector clipart of flask, centered, isolated, plain white background, minimal style, bold outline, no text, square composition"
flavor,"clean vector clipart of flavor, centered, isolated, plain white background, minimal style, bold outline, no text, square composition"
Florida,"clean vector clipart of Florida, centered, isolated, plain white background, minimal style, bold outline, no text, square composition"
freckle,"clean vector clipart of freckle, centered, isolated, plain white background, minimal style, bold outline, no text, square composition"
freedom,"clean vector clipart of freedom, centered, isolated, plain white background, minimal style, bold outline, no text, square composition"
freight,"clean vector clipart of freight, centered, isolated, plain white background, minimal style, bold outline, no text, square composition"
Friday,"clean vector clipart of Friday, centered, isolated, plain white background, minimal style, bold outline, no text, square composition"
fries,"clean vector clipart of fries, centered, isolated, plain white background, minimal style, bold outline, no text, square composition"
frisbee,"clean vector clipart of frisbee, centered, isolated, plain white background, minimal style, bold outline, no text, square composition"
froglet,"clean vector clipart of froglet, centered, isolated, plain white background, minimal style, bold outline, no text, square composition"
front,"clean vector clipart of front, centered, isolated, plain white background, minimal style, bold outline, no text, square composition"
frontflip,"clean vector clipart of frontflip, centered, isolated, plain white background, minimal style, bold outline, no text, square composition"
frost,"clean vector clipart of frost, centered, isolated, plain white background, minimal style, bold outline, no text, square composition"
fry,"clean vector clipart of fry, centered, isolated, plain white background, minimal style, bold outline, no text, square composition"
gingerbread,"clean vector clipart of gingerbread, centered, isolated, plain white background, minimal style, bold outline, no text, square composition"
glacier,"clean vector clipart of glacier, centered, isolated, plain white background, minimal style, bold outline, no text, square composition"
glaze,"clean vector clipart of glaze, centered, isolated, plain white background, minimal style, bold outline, no text, square composition"
glitter,"clean vector clipart of glitter, centered, isolated, plain white background, minimal style, bold outline, no text, square composition"
gloom,"clean vector clipart of gloom, centered, isolated, plain white background, minimal style, bold outline, no text, square composition"
gluten,"clean vector clipart of gluten, centered, isolated, plain white background, minimal style, bold outline, no text, square composition"
gobbler,"clean vector clipart of gobbler, centered, isolated, plain white background, minimal style, bold outline, no text, square composition"
goblet,"clean vector clipart of goblet, centered, isolated, plain white background, minimal style, bold outline, no text, square composition"
goblin,"clean vector clipart of goblin, centered, isolated, plain white background, minimal style, bold outline, no text, square composition"
granola,"clean vector clipart of granola, centered, isolated, plain white background, minimal style, bold outline, no text, square composition"
grapefruit,"clean vector clipart of grapefruit, centered, isolated, plain white background, minimal style, bold outline, no text, square composition"
grasp,"clean vector clipart of grasp, centered, isolated, plain white background, minimal style, bold outline, no text, square composition"
grasslands,"clean vector clipart of grasslands, centered, isolated, plain white background, minimal style, bold outline, no text, square composition"
grizzly,"clean vector clipart of grizzly, centered, isolated, plain white background, minimal style, bold outline, no text, square composition"
gryffin,"clean vector clipart of gryffin, centered, isolated, plain white background, minimal style, bold outline, no text, square composition"
halfling,"clean vector clipart of halfling, centered, isolated, plain white background, minimal style, bold outline, no text, square composition"
hamster,"clean vector clipart of hamster, centered, isolated, plain white background, minimal style, bold outline, no text, square composition"
handrail,"clean vector clipart of handrail, centered, isolated, plain white background, minimal style, bold outline, no text, square composition"
hang-glider,"clean vector clipart of hang-glider, centered, isolated, plain white background, minimal style, bold outline, no text, square composition"
headrest,"clean vector clipart of headrest, centered, isolated, plain white background, minimal style, bold outline, no text, square composition"
hieroglyphics,"clean vector clipart of hieroglyphics, centered, isolated, plain white background, minimal style, bold outline, no text, square composition"
high school,"clean vector clipart of high school, centered, isolated, plain white background, minimal style, bold outline, no text, square composition"
horsefly,"clean vector clipart of horsefly, centered, isolated, plain white background, minimal style, bold outline, no text, square composition"
hospital,"clean vector clipart of hospital, centered, isolated, plain white background, minimal style, bold outline, no text, square composition"
hungry,"clean vector clipart of hungry, centered, isolated, plain white background, minimal style, bold outline, no text, square composition"
husk,"clean vector clipart of husk, centered, isolated, plain white background, minimal style, bold outline, no text, square composition"
husky,"clean vector clipart of husky, centered, isolated, plain white background, minimal style, bold outline, no text, square composition"
hydrant,"clean vector clipart of hydrant, centered, isolated, plain white background, minimal style, bold outline, no text, square composition"
hydrate,"clean vector clipart of hydrate, centered, isolated, plain white background, minimal style, bold outline, no text, square composition"
hydrogen,"clean vector clipart of hydrogen, centered, isolated, plain white background, minimal style, bold outline, no text, square composition"
ice cream,"clean vector clipart of ice cream, centered, isolated, plain white background, minimal style, bold outline, no text, square composition"
iceskate,"clean vector clipart of iceskate, centered, isolated, plain white background, minimal style, bold outline, no text, square composition"
impress,"clean vector clipart of impress, centered, isolated, plain white background, minimal style, bold outline, no text, square composition"
imprint,"clean vector clipart of imprint, centered, isolated, plain white background, minimal style, bold outline, no text, square composition"
improve,"clean vector clipart of improve, centered, isolated, plain white background, minimal style, bold outline, no text, square composition"
increase,"clean vector clipart of increase, centered, isolated, plain white background, minimal style, bold outline, no text, square composition"
inflate,"clean vector clipart of inflate, centered, isolated, plain white background, minimal style, bold outline, no text, square composition"
ingredient,"clean vector clipart of ingredient, centered, isolated, plain white background, minimal style, bold outline, no text, square composition"
ingrown,"clean vector clipart of ingrown, centered, isolated, plain white background, minimal style, bold outline, no text, square composition"
jackfruit,"clean vector clipart of jackfruit, centered, isolated, plain white background, minimal style, bold outline, no text, square composition"
jailbreak,"clean vector clipart of jailbreak, centered, isolated, plain white background, minimal style, bold outline, no text, square composition"
jester,"clean vector clipart of jester, centered, isolated, plain white background, minimal style, bold outline, no text, square composition"
jostle,"clean vector clipart of jostle, centered, isolated, plain white background, minimal style, bold outline, no text, square composition"
journalism,"clean vector clipart of journalism, centered, isolated, plain white background, minimal style, bold outline, no text, square composition"
juggling,"clean vector clipart of juggling, centered, isolated, plain white background, minimal style, bold outline, no text, square composition"
jumprope,"clean vector clipart of jumprope, centered, isolated, plain white background, minimal style, bold outline, no text, square composition"
kiosk,"clean vector clipart of kiosk, centered, isolated, plain white background, minimal style, bold outline, no text, square composition"
lacrosse,"clean vector clipart of lacrosse, centered, isolated, plain white background, minimal style, bold outline, no text, square composition"
library,"clean vector clipart of library, centered, isolated, plain white background, minimal style, bold outline, no text, square composition"
lisp,"clean vector clipart of lisp, centered, isolated, plain white background, minimal style, bold outline, no text, square composition"
list,"clean vector clipart of list, centered, isolated, plain white background, minimal style, bold outline, no text, square composition"
locksmith,"clean vector clipart of locksmith, centered, isolated, plain white background, minimal style, bold outline, no text, square composition"
loosely,"clean vector clipart of loosely, centered, isolated, plain white background, minimal style, bold outline, no text, square composition"
macrame,"clean vector clipart of macrame, centered, isolated, plain white background, minimal style, bold outline, no text, square composition"
magnetism,"clean vector clipart of magnetism, centered, isolated, plain white background, minimal style, bold outline, no text, square composition"
mandrill,"clean vector clipart of mandrill, centered, isolated, plain white background, minimal style, bold outline, no text, square composition"
mascot,"clean vector clipart of mascot, centered, isolated, plain white background, minimal style, bold outline, no text, square composition"
mask,"clean vector clipart of mask, centered, isolated, plain white background, minimal style, bold outline, no text, square composition"
metabolism,"clean vector clipart of metabolism, centered, isolated, plain white background, minimal style, bold outline, no text, square composition"
microphone,"clean vector clipart of microphone, centered, isolated, plain white background, minimal style, bold outline, no text, square composition"
microscope,"clean vector clipart of microscope, centered, isolated, plain white background, minimal style, bold outline, no text, square composition"
microwave,"clean vector clipart of microwave, centered, isolated, plain white background, minimal style, bold outline, no text, square composition"
migrate,"clean vector clipart of migrate, centered, isolated, plain white background, minimal style, bold outline, no text, square composition"
migration,"clean vector clipart of migration, centered, isolated, plain white background, minimal style, bold outline, no text, square composition"
misleading,"clean vector clipart of misleading, centered, isolated, plain white background, minimal style, bold outline, no text, square composition"
mismatch,"clean vector clipart of mismatch, centered, isolated, plain white background, minimal style, bold outline, no text, square composition"
missile,"clean vector clipart of missile, centered, isolated, plain white background, minimal style, bold outline, no text, square composition"
mister,"clean vector clipart of mister, centered, isolated, plain white background, minimal style, bold outline, no text, square composition"
mollusc,"clean vector clipart of mollusc, centered, isolated, plain white background, minimal style, bold outline, no text, square composition"
mosque,"clean vector clipart of mosque, centered, isolated, plain white background, minimal style, bold outline, no text, square composition"
mosquito,"clean vector clipart of mosquito, centered, isolated, plain white background, minimal style, bold outline, no text, square composition"
mudflap,"clean vector clipart of mudflap, centered, isolated, plain white background, minimal style, bold outline, no text, square composition"
muesli,"clean vector clipart of muesli, centered, isolated, plain white background, minimal style, bold outline, no text, square composition"
multiply,"clean vector clipart of multiply, centered, isolated, plain white background, minimal style, bold outline, no text, square composition"
musk,"clean vector clipart of musk, centered, isolated, plain white background, minimal style, bold outline, no text, square composition"
muskrat,"clean vector clipart of muskrat, centered, isolated, plain white background, minimal style, bold outline, no text, square composition"
muslin,"clean vector clipart of muslin, centered, isolated, plain white background, minimal style, bold outline, no text, square composition"
mussel,"clean vector clipart of mussel, centered, isolated, plain white background, minimal style, bold outline, no text, square composition"
must,"clean vector clipart of must, centered, isolated, plain white background, minimal style, bold outline, no text, square composition"
mustache,"clean vector clipart of mustache, centered, isolated, plain white background, minimal style, bold outline, no text, square composition"
necklace,"clean vector clipart of necklace, centered, isolated, plain white background, minimal style, bold outline, no text, square composition"
newspaper,"clean vector clipart of newspaper, centered, isolated, plain white background, minimal style, bold outline, no text, square composition"
nucleus,"clean vector clipart of nucleus, centered, isolated, plain white background, minimal style, bold outline, no text, square composition"
obelisk,"clean vector clipart of obelisk, centered, isolated, plain white background, minimal style, bold outline, no text, square composition"
oblong,"clean vector clipart of oblong, centered, isolated, plain white background, minimal style, bold outline, no text, square composition"
off ramp,"clean vector clipart of off ramp, centered, isolated, plain white background, minimal style, bold outline, no text, square composition"
organism,"clean vector clipart of organism, centered, isolated, plain white background, minimal style, bold outline, no text, square composition"
osprey,"clean vector clipart of osprey, centered, isolated, plain white background, minimal style, bold outline, no text, square composition"
outsmart,"clean vector clipart of outsmart, centered, isolated, plain white background, minimal style, bold outline, no text, square composition"
parcel,"clean vector clipart of parcel, centered, isolated, plain white background, minimal style, bold outline, no text, square composition"
parsley,"clean vector clipart of parsley, centered, isolated, plain white background, minimal style, bold outline, no text, square composition"
passionfruit,"clean vector clipart of passionfruit, centered, isolated, plain white background, minimal style, bold outline, no text, square composition"
passport,"clean vector clipart of passport, centered, isolated, plain white background, minimal style, bold outline, no text, square composition"
pedigree,"clean vector clipart of pedigree, centered, isolated, plain white background, minimal style, bold outline, no text, square composition"
pessimism,"clean vector clipart of pessimism, centered, isolated, plain white background, minimal style, bold outline, no text, square composition"
petroglyph,"clean vector clipart of petroglyph, centered, isolated, plain white background, minimal style, bold outline, no text, square composition"
photograph,"clean vector clipart of photograph, centered, isolated, plain white background, minimal style, bold outline, no text, square composition"
photographer,"clean vector clipart of photographer, centered, isolated, plain white background, minimal style, bold outline, no text, square composition"
pilgrim,"clean vector clipart of pilgrim, centered, isolated, plain white background, minimal style, bold outline, no text, square composition"
placemat,"clean vector clipart of placemat, centered, isolated, plain white background, minimal style, bold outline, no text, square composition"
plaque,"clean vector clipart of plaque, centered, isolated, plain white background, minimal style, bold outline, no text, square composition"
plasma,"clean vector clipart of plasma, centered, isolated, plain white background, minimal style, bold outline, no text, square composition"
plaster,"clean vector clipart of plaster, centered, isolated, plain white background, minimal style, bold outline, no text, square composition"
plastic,"clean vector clipart of plastic, centered, isolated, plain white background, minimal style, bold outline, no text, square composition"
plateau,"clean vector clipart of plateau, centered, isolated, plain white background, minimal style, bold outline, no text, square composition"
playground,"clean vector clipart of playground, centered, isolated, plain white background, minimal style, bold outline, no text, square composition"
plum,"clean vector clipart of plum, centered, isolated, plain white background, minimal style, bold outline, no text, square composition"
plumber,"clean vector clipart of plumber, centered, isolated, plain white background, minimal style, bold outline, no text, square composition"
plus,"clean vector clipart of plus, centered, isolated, plain white background, minimal style, bold outline, no text, square composition"
plywood,"clean vector clipart of plywood, centered, isolated, plain white background, minimal style, bold outline, no text, square composition"
policeman,"clean vector clipart of policeman, centered, isolated, plain white background, minimal style, bold outline, no text, square composition"
prank,"clean vector clipart of prank, centered, isolated, plain white background, minimal style, bold outline, no text, square composition"
preschool,"clean vector clipart of preschool, centered, isolated, plain white background, minimal style, bold outline, no text, square composition"
pretend,"clean vector clipart of pretend, centered, isolated, plain white background, minimal style, bold outline, no text, square composition"
pretzel,"clean vector clipart of pretzel, centered, isolated, plain white background, minimal style, bold outline, no text, square composition"
priceless,"clean vector clipart of priceless, centered, isolated, plain white background, minimal style, bold outline, no text, square composition"
prism,"clean vector clipart of prism, centered, isolated, plain white background, minimal style, bold outline, no text, square composition"
program,"clean vector clipart of program, centered, isolated, plain white background, minimal style, bold outline, no text, square composition"
progress,"clean vector clipart of progress, centered, isolated, plain white background, minimal style, bold outline, no text, square composition"
proud,"clean vector clipart of proud, centered, isolated, plain white background, minimal style, bold outline, no text, square composition"
pueblo,"clean vector clipart of pueblo, centered, isolated, plain white background, minimal style, bold outline, no text, square composition"
rasp,"clean vector clipart of rasp, centered, isolated, plain white background, minimal style, bold outline, no text, square composition"
reflect,"clean vector clipart of reflect, centered, isolated, plain white background, minimal style, bold outline, no text, square composition"
reflex,"clean vector clipart of reflex, centered, isolated, plain white background, minimal style, bold outline, no text, square composition"
refresh,"clean vector clipart of refresh, centered, isolated, plain white background, minimal style, bold outline, no text, square composition"
respect,"clean vector clipart of respect, centered, isolated, plain white background, minimal style, bold outline, no text, square composition"
respond,"clean vector clipart of respond, centered, isolated, plain white background, minimal style, bold outline, no text, square composition"
risky,"clean vector clipart of risky, centered, isolated, plain white background, minimal style, bold outline, no text, square composition"
rust,"clean vector clipart of rust, centered, isolated, plain white background, minimal style, bold outline, no text, square composition"
rusty,"clean vector clipart of rusty, centered, isolated, plain white background, minimal style, bold outline, no text, square composition"
sacred,"clean vector clipart of sacred, centered, isolated, plain white background, minimal style, bold outline, no text, square composition"
saffron,"clean vector clipart of saffron, centered, isolated, plain white background, minimal style, bold outline, no text, square composition"
salesman,"clean vector clipart of salesman, centered, isolated, plain white background, minimal style, bold outline, no text, square composition"
sampler,"clean vector clipart of sampler, centered, isolated, plain white background, minimal style, bold outline, no text, square composition"
sapling,"clean vector clipart of sapling, centered, isolated, plain white background, minimal style, bold outline, no text, square composition"
sassafras,"clean vector clipart of sassafras, centered, isolated, plain white background, minimal style, bold outline, no text, square composition"
scales,"clean vector clipart of scales, centered, isolated, plain white background, minimal style, bold outline, no text, square composition"
scarecrow,"clean vector clipart of scarecrow, centered, isolated, plain white background, minimal style, bold outline, no text, square composition"
scone,"clean vector clipart of scone, centered, isolated, plain white background, minimal style, bold outline, no text, square composition"
screwdriver,"clean vector clipart of screwdriver, centered, isolated, plain white background, minimal style, bold outline, no text, square composition"
secret,"clean vector clipart of secret, centered, isolated, plain white background, minimal style, bold outline, no text, square composition"
secretary,"clean vector clipart of secretary, centered, isolated, plain white background, minimal style, bold outline, no text, square composition"
seismic,"clean vector clipart of seismic, centered, isolated, plain white background, minimal style, bold outline, no text, square composition"
skillet,"clean vector clipart of skillet, centered, isolated, plain white background, minimal style, bold outline, no text, square composition"
skin,"clean vector clipart of skin, centered, isolated, plain white background, minimal style, bold outline, no text, square composition"
skirt,"clean vector clipart of skirt, centered, isolated, plain white background, minimal style, bold outline, no text, square composition"
skull,"clean vector clipart of skull, centered, isolated, plain white background, minimal style, bold outline, no text, square composition"
skunk,"clean vector clipart of skunk, centered, isolated, plain white background, minimal style, bold outline, no text, square composition"
slanted,"clean vector clipart of slanted, centered, isolated, plain white background, minimal style, bold outline, no text, square composition"
sleigh,"clean vector clipart of sleigh, centered, isolated, plain white background, minimal style, bold outline, no text, square composition"
sloppy,"clean vector clipart of sloppy, centered, isolated, plain white background, minimal style, bold outline, no text, square composition"
slug,"clean vector clipart of slug, centered, isolated, plain white background, minimal style, bold outline, no text, square composition"
smelt,"clean vector clipart of smelt, centered, isolated, plain white background, minimal style, bold outline, no text, square composition"
smirk,"clean vector clipart of smirk, centered, isolated, plain white background, minimal style, bold outline, no text, square composition"
smog,"clean vector clipart of smog, centered, isolated, plain white background, minimal style, bold outline, no text, square composition"
smokestack,"clean vector clipart of smokestack, centered, isolated, plain white background, minimal style, bold outline, no text, square composition"
smorgasbord,"clean vector clipart of smorgasbord, centered, isolated, plain white background, minimal style, bold outline, no text, square composition"
smudge,"clean vector clipart of smudge, centered, isolated, plain white background, minimal style, bold outline, no text, square composition"
smuggle,"clean vector clipart of smuggle, centered, isolated, plain white background, minimal style, bold outline, no text, square composition"
sneaker,"clean vector clipart of sneaker, centered, isolated, plain white background, minimal style, bold outline, no text, square composition"
snorkel,"clean vector clipart of snorkel, centered, isolated, plain white background, minimal style, bold outline, no text, square composition"
snowdrift,"clean vector clipart of snowdrift, centered, isolated, plain white background, minimal style, bold outline, no text, square composition"
snowdrop,"clean vector clipart of snowdrop, centered, isolated, plain white background, minimal style, bold outline, no text, square composition"
snowflake,"clean vector clipart of snowflake, centered, isolated, plain white background, minimal style, bold outline, no text, square composition"
snowglobe,"clean vector clipart of snowglobe, centered, isolated, plain white background, minimal style, bold outline, no text, square composition"
sombrero,"clean vector clipart of sombrero, centered, isolated, plain white background, minimal style, bold outline, no text, square composition"
spa,"clean vector clipart of spa, centered, isolated, plain white background, minimal style, bold outline, no text, square composition"
spaceship,"clean vector clipart of spaceship, centered, isolated, plain white background, minimal style, bold outline, no text, square composition"
spasm,"clean vector clipart of spasm, centered, isolated, plain white background, minimal style, bold outline, no text, square composition"
spinach,"clean vector clipart of spinach, centered, isolated, plain white background, minimal style, bold outline, no text, square composition"
sports,"clean vector clipart of sports, centered, isolated, plain white background, minimal style, bold outline, no text, square composition"
sprain,"clean vector clipart of sprain, centered, isolated, plain white background, minimal style, bold outline, no text, square composition"
sprinkles,"clean vector clipart of sprinkles, centered, isolated, plain white background, minimal style, bold outline, no text, square composition"
sprite,"clean vector clipart of sprite, centered, isolated, plain white background, minimal style, bold outline, no text, square composition"
spurs,"clean vector clipart of spurs, centered, isolated, plain white background, minimal style, bold outline, no text, square composition"
stairs,"clean vector clipart of stairs, centered, isolated, plain white background, minimal style, bold outline, no text, square composition"
stapler,"clean vector clipart of stapler, centered, isolated, plain white background, minimal style, bold outline, no text, square composition"
stars,"clean vector clipart of stars, centered, isolated, plain white background, minimal style, bold outline, no text, square composition"
stash,"clean vector clipart of stash, centered, isolated, plain white background, minimal style, bold outline, no text, square composition"
steam,"clean vector clipart of steam, centered, isolated, plain white background, minimal style, bold outline, no text, square composition"
stem,"clean vector clipart of stem, centered, isolated, plain white background, minimal style, bold outline, no text, square composition"
stool,"clean vector clipart of stool, centered, isolated, plain white background, minimal style, bold outline, no text, square composition"
stork,"clean vector clipart of stork, centered, isolated, plain white background, minimal style, bold outline, no text, square composition"
storm,"clean vector clipart of storm, centered, isolated, plain white background, minimal style, bold outline, no text, square composition"
stump,"clean vector clipart of stump, centered, isolated, plain white background, minimal style, bold outline, no text, square composition"
suffragette,"clean vector clipart of suffragette, centered, isolated, plain white background, minimal style, bold outline, no text, square composition"
sunflower,"clean vector clipart of sunflower, centered, isolated, plain white background, minimal style, bold outline, no text, square composition"
sunglasses,"clean vector clipart of sunglasses, centered, isolated, plain white background, minimal style, bold outline, no text, square composition"
sunspot,"clean vector clipart of sunspot, centered, isolated, plain white background, minimal style, bold outline, no text, square composition"
superglue,"clean vector clipart of superglue, centered, isolated, plain white background, minimal style, bold outline, no text, square composition"
surprise,"clean vector clipart of surprise, centered, isolated, plain white background, minimal style, bold outline, no text, square composition"
suspect,"clean vector clipart of suspect, centered, isolated, plain white background, minimal style, bold outline, no text, square composition"
suspenders,"clean vector clipart of suspenders, centered, isolated, plain white background, minimal style, bold outline, no text, square composition"
swaddle,"clean vector clipart of swaddle, centered, isolated, plain white background, minimal style, bold outline, no text, square composition"
swamp,"clean vector clipart of swamp, centered, isolated, plain white background, minimal style, bold outline, no text, square composition"
swap,"clean vector clipart of swap, centered, isolated, plain white background, minimal style, bold outline, no text, square composition"
swine,"clean vector clipart of swine, centered, isolated, plain white background, minimal style, bold outline, no text, square composition"
swivel,"clean vector clipart of swivel, centered, isolated, plain white background, minimal style, bold outline, no text, square composition"
tablet,"clean vector clipart of tablet, centered, isolated, plain white background, minimal style, bold outline, no text, square composition"
task,"clean vector clipart of task, centered, isolated, plain white background, minimal style, bold outline, no text, square composition"
teaspoon,"clean vector clipart of teaspoon, centered, isolated, plain white background, minimal style, bold outline, no text, square composition"
telegram,"clean vector clipart of telegram, centered, isolated, plain white background, minimal style, bold outline, no text, square composition"
telescope,"clean vector clipart of telescope, centered, isolated, plain white background, minimal style, bold outline, no text, square composition"
thirsty,"clean vector clipart of thirsty, centered, isolated, plain white background, minimal style, bold outline, no text, square composition"
toaster,"clean vector clipart of toaster, centered, isolated, plain white background, minimal style, bold outline, no text, square composition"
tourism,"clean vector clipart of tourism, centered, isolated, plain white background, minimal style, bold outline, no text, square composition"
translator,"clean vector clipart of translator, centered, isolated, plain white background, minimal style, bold outline, no text, square composition"
triplet,"clean vector clipart of triplet, centered, isolated, plain white background, minimal style, bold outline, no text, square composition"
trust,"clean vector clipart of trust, centered, isolated, plain white background, minimal style, bold outline, no text, square composition"
tusk,"clean vector clipart of tusk, centered, isolated, plain white background, minimal style, bold outline, no text, square composition"
ugly,"clean vector clipart of ugly, centered, isolated, plain white background, minimal style, bold outline, no text, square composition"
umbrella,"clean vector clipart of umbrella, centered, isolated, plain white background, minimal style, bold outline, no text, square composition"
underground,"clean vector clipart of underground, centered, isolated, plain white background, minimal style, bold outline, no text, square composition"
useless,"clean vector clipart of useless, centered, isolated, plain white background, minimal style, bold outline, no text, square composition"
vandalism,"clean vector clipart of vandalism, centered, isolated, plain white background, minimal style, bold outline, no text, square composition"
vibrate,"clean vector clipart of vibrate, centered, isolated, plain white background, minimal style, bold outline, no text, square composition"
voiceless,"clean vector clipart of voiceless, centered, isolated, plain white background, minimal style, bold outline, no text, square composition"
wasp,"clean vector clipart of wasp, centered, isolated, plain white background, minimal style, bold outline, no text, square composition"
West,"clean vector clipart of West, centered, isolated, plain white background, minimal style, bold outline, no text, square composition"
whisk,"clean vector clipart of whisk, centered, isolated, plain white background, minimal style, bold outline, no text, square composition"
whiskers,"clean vector clipart of whiskers, centered, isolated, plain white background, minimal style, bold outline, no text, square composition"
whistling,"clean vector clipart of whistling, centered, isolated, plain white background, minimal style, bold outline, no text, square composition"
wisp,"clean vector clipart of wisp, centered, isolated, plain white background, minimal style, bold outline, no text, square composition"
wrist,"clean vector clipart of wrist, centered, isolated, plain white background, minimal style, bold outline, no text, square composition"
